method,budget,nr_db,nr_db_split_sd,rebound_db,rebound_db_split_sd,output_rms,output_rms_split_sd,time_ms,time_ms_split_sd,hardware,source_id
Ratio-base+GN,0,10.092080524736506,0.21987635982438858,0.538778779828861,0.04598898551997281,0.2550452129968484,0.028913410307014508,0.0851810080348514,0.00020156150963966283,GPU,refinement-results
Ratio-base+GN,1,13.696307947015304,0.2696195565746766,0.4371055101824375,0.03853347175875926,0.27119841906222186,0.029084569714861966,0.6447238112741616,6.660357130798302e-05,GPU,refinement-results
Ratio-base+GN,2,16.292213046127905,0.25842285667947956,0.4075517896418055,0.030428919344220096,0.2889771414440382,0.02915063170917188,1.0884596173127647,0.00011303772919064605,GPU,refinement-results
Ratio-base+GN,3,18.11153369114401,0.21479906012967856,0.4035140077197802,0.020236515101854632,0.30219886556490777,0.02876387651569319,1.5906888074823655,0.00014127062647158132,GPU,refinement-results
Ratio-base+GN,4,19.28590728545123,0.16999468421259986,0.41181627765605844,0.013022789622192046,0.31009702906991576,0.028619213161493223,2.0791319213458337,0.00029814032596928007,GPU,refinement-results
Ratio-base+GN,8,20.44446670170729,0.13018415693868354,0.4477075894915819,0.014732288982182398,0.3191956555347294,0.028223776838020753,4.031737706827698,0.0007113882969494335,GPU,refinement-results
Ratio-base+GN,16,20.368309829267133,0.17171287242709704,0.4661344197370757,0.015799062308338243,0.3226033547869873,0.02825638972997695,7.558859265554929,0.0025504101370103518,GPU,refinement-results
Ratio-base+GN,32,20.293669054133503,0.17731088731525832,0.4841102032026428,0.01658197391815615,0.3255027516994208,0.028297856932024648,14.873384625389008,0.0035488264409195788,GPU,refinement-results
Ratio-base+GN,64,20.25498239178236,0.1797511188029018,0.5081111774948733,0.018022735243250095,0.3293968406620615,0.028339438664656033,30.03375356711331,0.003881313271137669,GPU,refinement-results
PRIME+GN,0,17.755136343589164,0.3018869318469045,0.13366815076481992,0.019267977757781583,0.3022288927600251,0.01606910372425925,0.7174780648104692,0.0008185970272092547,GPU,refinement-results
PRIME+GN,1,20.868724637831036,0.18508446384669788,0.13583367785184192,0.01868781757552804,0.3029422153440629,0.01653513002533035,1.3170575824915431,0.001190361318953629,GPU,refinement-results
PRIME+GN,2,21.370493314041337,0.22403362359860404,0.14921283737716928,0.020679425606639334,0.30568879166269713,0.016716928610845876,1.7718564847503633,0.0018870388274611458,GPU,refinement-results
PRIME+GN,3,21.430187444937825,0.24501009118398742,0.15648396989863408,0.021877782363097623,0.3073665870749539,0.016816142557824806,2.169259565077179,0.0033060065063853826,GPU,refinement-results
WMMSE-Direct,0,21.722063918390297,0.2777353835226294,0.3513474149461881,0.028352405003739832,0.5022419907336388,0.03203918398969487,4.6232764500018675,0.004813379221061548,CPU,refinement-results
WMMSE-Direct+GN,1,22.633921587111118,0.29617565592184214,0.3537511949140532,0.02860767541821624,0.5037322104991903,0.03209730515697982,5.23143006284954,0.005705600860871852,CPU+GPU,refinement-results
WMMSE-Direct+GN,2,23.0821534087054,0.29031755584279106,0.3559278617148538,0.028882242833450603,0.5048898737239328,0.03214209630717456,5.681076373002725,0.005270357432000323,CPU+GPU,refinement-results
WMMSE-Direct+GN,3,23.26428982221258,0.28306678881126585,0.3573435264520063,0.029099610900793042,0.5056794552663741,0.03218369725675711,6.12048004186363,0.00551042278408207,CPU+GPU,refinement-results
WMMSE-FFT-PCG,32,11.949333709061005,0.22110274782874884,0.18172898112912728,0.013915111793199939,0.2610101689923399,0.017722062891954382,0.48660617248970084,6.509674951166987e-05,GPU,refinement-results
WMMSE-FFT-PCG,64,15.374877089398655,0.23564995874257968,0.18553911745883547,0.01556355666248241,0.30604110774328613,0.02254718861950977,0.8747531697736122,0.00011332340060429342,GPU,refinement-results
WMMSE-FFT-PCG,128,19.179053481516217,0.28625946062953805,0.16015364401742632,0.015168788945990346,0.4889404168564906,0.032184619091847805,1.6446696448838338,0.0001899411696931045,GPU,refinement-results
WMMSE-FFT-PCG,256,21.08719130238888,0.27687752126676696,0.21676125079163375,0.019820713222119788,0.500077847217522,0.03178264249816393,3.195729333674535,0.000136255370184675,GPU,refinement-results
WMMSE-FFT-PCG,512,21.545597950368013,0.2776829398989534,0.3101789516451412,0.02565979352109186,0.5016071285753549,0.03197807165872104,6.265790585894138,0.00011232809123190052,GPU,refinement-results
WMMSE-FFT-PCG,2048,21.719772613624123,0.27772050780849,0.35375047401437315,0.028439337523585753,0.5021206488654407,0.03203242303261393,24.8332477058284,0.0001948673716710388,GPU,refinement-results
Iterative-FIR,8192,21.99167740418132,0.19919100111713448,0.16451411422411888,0.012737808295648512,0.4494171917691167,0.02747441625584312,12430.124945759962,2.2943787843343197,GPU,iterative-fir-results
